Top queries,Clicks,Impressions,CTR,Position
maxmed,15,649,2.31%,11.61
maxmed laboratories,2,37,5.41%,5.76
max med,1,71,1.41%,7.11
scientific & laboratory equipment trading,0,224,0%,80.56
laboratory essentials,0,133,0%,11.02
fume hood suppliers in uae,0,98,0%,60.02
dental consumables,0,80,0%,23.96
rapid veterinary diagnostics uae,0,73,0%,31.85
point of care testing equipment,0,67,0%,74.93
stirring and shaking equipment,0,63,0%,89.87
laboratory equipment sterilization,0,62,0%,65.29
ai-powered veterinary diagnostics uae,0,57,0%,9.44
veterinary diagnostic kits available in dubai,0,57,0%,77.53
pcr machine suppliers uae,0,54,0%,43.02
veterinary disease testing kits uae,0,53,0%,35.87
veterinary pcr machine suppliers uae,0,52,0%,11
lab consumables,0,52,0%,56.48
rapid disease detection kits uae,0,45,0%,60.09
dental supplies uae,0,36,0%,65.22
point-of-care testing uae,0,33,0%,38.06
chromatography clinical consumables,0,33,0%,78.33
veterinary molecular diagnostics uae,0,30,0%,54.8
dental supplies,0,30,0%,96.1
lab fume hood manufacturers in uae,0,29,0%,75.59
maxware industrial equipment,0,22,0%,6.77
intelligent linear shaker,0,22,0%,8
veterinary testing automation uae,0,22,0%,84.45
lab air disinfection system uae,0,22,0%,86.77
trichomonas test sharjah,0,20,0%,34.55
dental equipment,0,18,0%,92.72
ic consumables,0,16,0%,89.5
maxmed pharmaceutical supply trading,0,15,0%,9.4
trichomonas test abudhabi,0,15,0%,58.27
point of care lab equipment,0,15,0%,59.87
torch antigen supplier,0,15,0%,94.33
maxmed pharma,0,14,0%,6.79
veterinary diagnostic equipment,0,13,0%,69
genc1004,0,12,0%,4.58
veterinary pcr solutions uae,0,12,0%,42.25
medical testing equipment,0,12,0%,86.58
benchtop autoclave,0,11,0%,96.09
point-of-care molecular tests uae,0,10,0%,51.5
poc equipment,0,10,0%,61.1
centrifuge machine,0,10,0%,69.1
uv-vis consumables,0,10,0%,80.5
large autoclave,0,10,0%,84.3
point-of-care products,0,9,0%,82
mixing equipment for biotechnology,0,9,0%,96.67
veterinary biotech solutions uae,0,7,0%,57
medical consumables,0,7,0%,80.29
veterinary diagnostic labs uae,0,6,0%,60.67
electrochemistry equipment,0,6,0%,78.33
vstrip chat,0,5,0%,6
laboratory centrifuge suppliers,0,5,0%,77.2
lab consumable in dubai,0,5,0%,86.4
maxmedlab,0,4,0%,8
medical laboratory equipment suppliers in uae,0,4,0%,33.25
k-maxmed,0,4,0%,53.75
vortex mixture,0,4,0%,67.5
scientific equipment trading,0,4,0%,80
uae veterinary research diagnostics,0,4,0%,82
med max,0,4,0%,86.25
bov equipment,0,4,0%,99
dessciator,0,3,0%,1
max med lab,0,3,0%,10
maxware,0,3,0%,34.33
pcr reagents suppliers uae,0,3,0%,57
ion chromatography equipment,0,3,0%,58
melamine kit for testing,0,3,0%,61
laboratory sterilization equipment,0,3,0%,69.67
hplc laboratory equipment,0,3,0%,72.67
max medical supply,0,3,0%,73
laboratory refrigerator,0,3,0%,79
medical laboratory equipment,0,3,0%,82.33
laboratory equipment supplier in dubai,0,3,0%,86
point of care testing machines,0,3,0%,86
ddo10,0,2,0%,9
medix east africa,0,2,0%,10.5
laboratory equipment supplier dubai,0,2,0%,29
point of care lab testing equipment,0,2,0%,46
vortex mixer suppliers,0,2,0%,65
dcd10,0,2,0%,65.5
max healthcare equipment,0,2,0%,69.5
max lab,0,2,0%,76.5
influenza test kit,0,2,0%,85
labware supplier,0,1,0%,2
lab consumables supplier,0,1,0%,3
lab equipment supplier,0,1,0%,3
lab essentials,0,1,0%,3
max-med,0,1,0%,3
maxtest,0,1,0%,7
7061100102,0,1,0%,9
andtex medical and laboratory supplies,0,1,0%,9
maxmed life sciences,0,1,0%,9
maxmec,0,1,0%,10
dph1,0,1,0%,11
max med lab klinikasi,0,1,0%,12
maxmed hospital,0,1,0%,13
medi lab,0,1,0%,15
max laboratory,0,1,0%,28
maxtes,0,1,0%,28
max pharmacy,0,1,0%,40
shaker lab equipment,0,1,0%,40
lab sterilization equipment,0,1,0%,44
bester medical & laboratory equipment llc,0,1,0%,61
max tools uae,0,1,0%,62
sterilization equipment,0,1,0%,62
animal disease detection kits dubai,0,1,0%,67
dentist equipment,0,1,0%,67
rdt device,0,1,0%,70
uv1100,0,1,0%,71
lab mixer,0,1,0%,72
animal health pcr kits dubai,0,1,0%,73
sterilizing machine,0,1,0%,73
centrifuges,0,1,0%,77
laboratory consumables,0,1,0%,78
uv disinfection,0,1,0%,78
vstrip,0,1,0%,78
analytical equipment,0,1,0%,80
lab consumable,0,1,0%,80
mixer vortex,0,1,0%,81
laboratory mixer machine,0,1,0%,82
dental medical equipment,0,1,0%,84
medical freezers,0,1,0%,85
buy ns1 dengue test manufacturer,0,1,0%,96
max medical,0,1,0%,97
veterinary medical equipment,0,1,0%,97
max me,0,1,0%,99
med lab equipment,0,1,0%,102
centrifuge,0,1,0%,121