URL,Last crawled,Status
https://maxmedme.com/quotation/ph-portable-meter-single-parameter-mw-0056-maxware-dubai-uae,2025-06-24,Pending
https://maxmedme.com/product/117,2025-06-24,Pending
https://maxmedme.com/quotation/malaria-pfpvpan-rapid-test-mt-0099-maxtest-dubai-uae,2025-06-24,Pending
https://maxmedme.com/quotation/celiac-rapid-test-cassette-mt-0026-maxtest-dubai-uae,2025-06-24,Pending
https://maxmedme.com/quotation/mx-s-variable-speed-vortex-mixer-mw-0029-maxware-dubai-uae,2025-06-24,Pending
https://maxmedme.com/product/186,2025-06-24,Pending
https://maxmedme.com/quotation/influenza-ab-rapid-test-mt-0119-maxtest-dubai-uae,2025-06-24,Pending
https://maxmedme.com/product/224,2025-06-24,Pending
https://maxmedme.com/quotation/hiv-p24-antigen-rapid-test-mt-0057-maxtest-dubai-uae,2025-06-24,Pending
https://maxmedme.com/product/314,2025-06-24,Pending
https://maxmedme.com/quotation/sp-uv3102-uv-vis-spectrophotometer-mw-0053-maxware-dubai-uae,2025-06-24,Pending
https://maxmedme.com/product/43,2025-06-24,Pending
https://maxmedme.com/quotation/sp-uv5102-uv-vis-spectrophotometer-mw-0055-maxware-dubai-uae,2025-06-24,Pending
https://maxmedme.com/product/64,2025-06-24,Pending
https://www.maxmedme.com/quotation/64,2025-06-24,Pending
https://www.maxmedme.com/quotation/56,2025-06-24,Pending
https://maxmedme.com/product/276,2025-06-24,Pending
https://maxmedme.com/product/226,2025-06-24,Pending
https://maxmedme.com/product/219,2025-06-24,Pending
https://maxmedme.com/product/304,2025-06-24,Pending
https://maxmedme.com/product/230,2025-06-24,Pending
https://maxmedme.com/product/307,2025-06-24,Pending
https://maxmedme.com/product/309,2025-06-24,Pending
https://maxmedme.com/quotation/gas-wash-bottle-mw-0118-maxware-dubai-uae,2025-06-24,Pending
https://maxmedme.com/quotation/hiv-12o-and-p24-combo-rapid-test-mt-0053-maxtest-dubai-uae,2025-06-24,Pending
https://maxmedme.com/quotation/hydroxide-anion-exchange-chromatography-columns-mw-0074-maxware-dubai-uae,2025-06-24,Pending
https://maxmedme.com/quotation/ph-meter-benchtop-classical-seriessingle-parameter-mw-0025-maxware-dubai-uae,2025-06-24,Pending
https://maxmedme.com/quotation/fecal-occult-blood-fob-rapid-test-40-ngml-mt-0020-maxtest-dubai-uae,2025-06-24,Pending
https://maxmedme.com/product/303,2025-06-24,Pending
https://maxmedme.com/quotation/hiv-12-rapid-test-urine-mt-0055-maxtest-dubai-uae,2025-06-24,Pending
https://maxmedme.com/quotation/glass-beaker-mw-0119-maxware-dubai-uae,2025-06-24,Pending
https://maxmedme.com/quotation/fecal-occult-blood-fob-rapid-test-50-ngml-mt-0021-maxtest-dubai-uae,2025-06-24,Pending
https://maxmedme.com/quotation/adenovirusrsvhmpvinfluenza-ab-combo-rapid-test-nasopharyngeal-swab-mt-0041-maxtest-dubai-uae,2025-06-24,Pending
https://maxmedme.com/quotation/forced-air-drying-oven-bjpx-hgz30l-mm-0025-biobase-dubai-uae,2025-06-24,Pending
https://maxmedme.com/quotation/mycoplasma-pneumoniae-antigen-rapid-test-mt-0109-maxtest-dubai-uae,2025-06-24,Pending
https://maxmedme.com/quotation/micro-albumin-rapid-test-mt-0031-maxtest-dubai-uae,2025-06-24,Pending
https://maxmedme.com/quotation/ovulation-lh-rapid-test-mt-0004-maxtest-dubai-uae,2025-06-24,Pending
https://maxmedme.com/quotation/rhinovirus-rapid-test-nasopharyngeal-swab-mt-0039-maxtest-dubai-uae,2025-06-24,Pending
https://maxmedme.com/quotation/re100-s-led-digital-rotary-evaporator-mw-0082-maxware-dubai-uae,2025-06-24,Pending
https://maxmedme.com/quotation/laboratory-refrigeratoreconomic-type-46l-150l-320l-400l-mm-0013-biobase-dubai-uae,2025-06-24,Pending
https://maxmedme.com/quotation/chagas-rapid-test-sp-mt-0084-maxtest-dubai-uae,2025-06-24,Pending
https://maxmedme.com/quotation/filariasis-iggigm-rapid-test-sp-mt-0089-maxtest-dubai-uae,2025-06-24,Pending
https://maxmedme.com/quotation/levo-e-pipette-pump-mm-0041-dlab-dubai-uae,2025-06-24,Pending
https://maxmedme.com/quotation/mono-rapid-test-mt-0112-maxtest-dubai-uae,2025-06-24,Pending
https://www.maxmedme.com/product/52,2025-06-24,Pending
https://www.maxmedme.com/quotation/52,2025-06-24,Pending
https://maxmedme.com/quotation/glass-flask-mw-0120-maxware-dubai-uae,2025-06-24,Pending
https://maxmedme.com/quotation/leishmania-iggigm-rapid-test-mt-0094-maxtest-dubai-uae,2025-06-24,Pending
https://maxmedme.com/quotation/ducted-fume-hood-fh1800ecustomized-mm-0009-biobase-dubai-uae,2025-06-24,Pending
https://maxmedme.com/quotation/cmv-iggigm-rapid-test-sp-mt-0007-maxtest-dubai-uae,2025-06-24,Pending
https://maxmedme.com/quotation/re5000-e-pilot-scale-digital-control-rotary-evaporator-mw-0086-maxware-dubai-uae,2025-06-24,Pending
https://maxmedme.com/quotation/hav-iggigm-rapid-test-mt-0101-maxtest-dubai-uae,2025-06-24,Pending
https://maxmedme.com/quotation/sk-l180-s-intelligent-linear-decolorizing-shaker-mw-0005-maxware-dubai-uae,2025-06-24,Pending
https://maxmedme.com/quotation/aflatoxin-m1-rapid-test-kit-005ppb-mt-0121-maxtest-dubai-uae,2025-06-24,Pending
https://maxmedme.com/quotation/h-fabp-and-ctni-combo-rapid-test-mt-0025-maxtest-dubai-uae,2025-06-24,Pending
https://maxmedme.com/quotation/sk-r30s-e-short-deck-rocking-rotator-mw-0038-maxware-dubai-uae,2025-06-24,Pending
https://maxmedme.com/quotation/stepmate-stepper-mm-0045-dlab-dubai-uae,2025-06-24,Pending
https://maxmedme.com/quotation/dorp10-mv-portable-meter-single-parameter-mw-0057-maxware-dubai-uae,2025-06-24,Pending
https://maxmedme.com/quotation/mycoplasma-pneumoniae-iggigm-combo-rapid-test-mt-0111-maxtest-dubai-uae,2025-06-24,Pending
https://maxmedme.com/quotation/strep-b-rapid-test-mt-0016-maxtest-dubai-uae,2025-06-24,Pending
https://maxmedme.com/quotation/2025-freezereconomic-type-mm-0014-biobase-dubai-uae,2025-06-24,Pending
https://maxmedme.com/quotation/adenovirus-rapid-test-mt-0073-maxtest-dubai-uae,2025-06-24,Pending
https://maxmedme.com/quotation/alcohol-lamp-mw-0109-maxware-dubai-uae,2025-06-24,Pending
https://maxmedme.com/quotation/dessciator-mw-0112-maxware-dubai-uae,2025-06-24,Pending
https://maxmedme.com/quotation/adenovirusrsvhmpvhpivinfluenza-ab-combo-rapid-test-mt-0066-maxtest-dubai-uae,2025-06-24,Pending
https://maxmedme.com/quotation/melamine-rapid-test-kit-mt-0122-maxtest-dubai-uae,2025-06-24,Pending
https://maxmedme.com/quotation/norovirus-rotavirus-adenovirus-and-astrovirus-rapid-test-mt-0078-maxtest-dubai-uae,2025-06-24,Pending
https://maxmedme.com/product/280,2025-06-24,Pending
https://maxmedme.com/product/229,2025-06-24,Pending
https://maxmedme.com/quotation/dengue-iggigm-and-ns1-rapid-test-mt-0087-maxtest-dubai-uae,2025-06-24,Pending
https://www.maxmedme.com/product/113,2025-06-24,Pending
https://www.maxmedme.com/quotation/113,2025-06-24,Pending
https://maxmedme.com/quotation/dph1-pocket-testerbluetooth-mw-0070-maxware-dubai-uae,2025-06-24,Pending
https://maxmedme.com/quotation/re2000-e-pilot-scale-digital-control-rotary-evaporator-mw-0085-maxware-dubai-uae,2025-06-24,Pending
https://maxmedme.com/quotation/hev-iggigm-rapid-test-mt-0104-maxtest-dubai-uae,2025-06-24,Pending
https://maxmedme.com/quotation/fecal-occult-blood-fob-rapid-test-25-ngml-mt-0019-maxtest-dubai-uae,2025-06-24,Pending
https://maxmedme.com/quotation/dental-tray-mw-0101-maxware-dubai-uae,2025-06-24,Pending
https://www.maxmedme.com/product/46,2025-06-24,Pending
https://maxmedme.com/quotation/sars-cov-2-and-influenza-ab-antigen-combo-rapid-test-mt-0120-maxtest-dubai-uae,2025-06-24,Pending
https://maxmedme.com/quotation/salmonella-paratyphi-antigen-rapid-test-mt-0093-maxtest-dubai-uae,2025-06-24,Pending
https://maxmedme.com/quotation/do-optical-type-portable-meter-single-parameter-mw-0060-maxware-dubai-uae,2025-06-24,Pending
https://maxmedme.com/quotation/astrovirus-rapid-test-mt-0076-maxtest-dubai-uae,2025-06-24,Pending
https://www.maxmedme.com/product/153,2025-06-24,Pending
https://maxmedme.com/product/85,2025-06-24,Pending
https://www.maxmedme.com/quotation/85,2025-06-24,Pending
https://maxmedme.com/quotation/ls-1100-dry-fluorescence-immunoassay-analyzer-portable-mm-0002-lansionbiotech-dubai-uae,2025-06-24,Pending
https://maxmedme.com/quotation/dpc1-pocket-testerbluetooth-mw-0073-maxware-dubai-uae,2025-06-24,Pending
https://maxmedme.com/quotation/legionella-pneumophila-rapid-test-mt-0105-maxtest-dubai-uae,2025-06-24,Pending
https://maxmedme.com/quotation/86-ultra-low-temperature-freezer-mm-0018-biobase-dubai-uae,2025-06-24,Pending
https://maxmedme.com/quotation/dm0506-low-speed-centrifuge-mw-0023-maxware-dubai-uae,2025-06-24,Pending
https://maxmedme.com/quotation/rotavirus-and-adenovirus-combo-rapid-test-mt-0077-maxtest-dubai-uae,2025-06-24,Pending
https://maxmedme.com/quotation/d2012s-high-speed-micro-centrifuges-mw-0014-maxware-dubai-uae,2025-06-24,Pending
https://maxmedme.com/quotation/respiratory-infectious-diseases-rapid-test-influenza-ab-mt-0036-maxtest-dubai-uae,2025-06-24,Pending
https://maxmedme.com/quotation/mx-m-microplate-mixer-mw-0033-maxware-dubai-uae,2025-06-24,Pending
https://maxmedme.com/quotation/tc1000-s-thermal-cycler-standard-mw-0043-maxware-dubai-uae,2025-06-24,Pending
https://maxmedme.com/quotation/chagas-rapid-test-wbsp-mt-0083-maxtest-dubai-uae,2025-06-24,Pending
https://maxmedme.com/quotation/monkeypox-virus-antigen-rapid-test-mt-0071-maxtest-dubai-uae,2025-06-24,Pending
https://maxmedme.com/quotation/typhoid-iggigm-rapid-test-wbsp-mt-0091-maxtest-dubai-uae,2025-06-24,Pending
https://maxmedme.com/quotation/glass-funnel-mw-0122-maxware-dubai-uae,2025-06-24,Pending
https://maxmedme.com/quotation/mx-rl-e-economical-rotator-mw-0037-maxware-dubai-uae,2025-06-24,Pending
https://maxmedme.com/quotation/sk-o180-pro-multifunctional-orbital-decolorizing-shaker-mw-0002-maxware-dubai-uae,2025-06-24,Pending
https://maxmedme.com/quotation/hplc-column-nova-element-liquid-chromatography-mw-0078-maxware-dubai-uae,2025-06-24,Pending
https://maxmedme.com/quotation/adenovirusrsvhmpvhpivinfluenza-ab-combo-rapid-test-mt-0067-maxtest-dubai-uae,2025-06-24,Pending
https://www.maxmedme.com/quotation/69,2025-06-24,Pending
https://maxmedme.com/quotation/hsv-12-iggigm-rapid-test-wbsp-mt-0009-maxtest-dubai-uae,2025-06-24,Pending
https://maxmedme.com/quotation/sk-d3309-pro-large-multifunctional-3d-shaker-mw-0011-maxware-dubai-uae,2025-06-24,Pending
https://maxmedme.com/quotation/sk-o330-m-orbital-decolorizing-shaker-mw-0003-maxware-dubai-uae,2025-06-24,Pending
https://maxmedme.com/quotation/mini-pipettepremium-model-mm-0043-dlab-dubai-uae,2025-06-24,Pending
https://maxmedme.com/quotation/micropette-plus-fully-autoclavable-adjustable-volume-mechanical-pipette-mm-0032-dlab-dubai-uae,2025-06-24,Pending
https://maxmedme.com/quotation/dpette-multi-functional-8-channel-electronic-pipette-mm-0038-dlab-dubai-uae,2025-06-24,Pending
https://maxmedme.com/quotation/hiv-12-rapid-test-cassette-single-use-kit-whole-blood-mt-0064-maxtest-dubai-uae,2025-06-24,Pending
https://maxmedme.com/quotation/rotavirus-rapid-test-mt-0074-maxtest-dubai-uae,2025-06-24,Pending
https://maxmedme.com/quotation/micropette-plus-12-channel-adjustable-volume-mechanical-pipettesmagnetic-suction-model-mm-0035-dlab,2025-06-24,Pending
https://maxmedme.com/quotation/d1524r-high-speed-refrigerated-centrifuge-mw-0016-maxware-dubai-uae,2025-06-24,Pending
https://maxmedme.com/quotation/vc100-vacuum-controller-mw-0087-maxware-dubai-uae,2025-06-24,Pending
https://maxmedme.com/quotation/suction-tips-mw-0094-maxware-dubai-uae,2025-06-24,Pending
https://maxmedme.com/product/103,2025-06-24,Pending
https://maxmedme.com/quotation/re500-e-pilot-scale-digital-control-rotary-evaporator-mw-0083-maxware-dubai-uae,2025-06-24,Pending
https://maxmedme.com/quotation/mx-e-economic-vortex-mixer-mw-0031-maxware-dubai-uae,2025-06-24,Pending
https://maxmedme.com/quotation/hiv-12o-rapid-test-cassette-single-use-kit-whole-blood-mt-0060-maxtest-dubai-uae,2025-06-24,Pending
https://maxmedme.com/quotation/multiplex-respiratory-antigen-rapid-test-mt-0048-maxtest-dubai-uae,2025-06-24,Pending
https://maxmedme.com/quotation/hcvhbsaghiv-12-rapid-test-mt-0051-maxtest-dubai-uae,2025-06-24,Pending
https://maxmedme.com/quotation/respiratory-infectious-diseases-rapid-test-hmpv-mt-0033-maxtest-dubai-uae,2025-06-24,Pending
https://maxmedme.com/quotation/respiratory-infectious-diseases-rapid-test-hpiv-mt-0034-maxtest-dubai-uae,2025-06-24,Pending
https://maxmedme.com/quotation/dec1-pocket-testerbluetooth-mw-0072-maxware-dubai-uae,2025-06-24,Pending
https://maxmedme.com/quotation/sterilization-reel-heat-sealing-flat-reel-paper-blue-film-mw-0096-maxware-dubai-uae,2025-06-24,Pending
https://maxmedme.com/quotation/mx-f-fixed-speed-vortex-mixer-mw-0030-maxware-dubai-uae,2025-06-24,Pending
https://maxmedme.com/quotation/sk-l330-pro-large-multifunctional-linear-decolorizing-shaker-mw-0007-maxware-dubai-uae,2025-06-24,Pending
https://maxmedme.com/quotation/high-temperature-drying-oven-mm-0022-biobase-dubai-uae,2025-06-24,Pending
https://maxmedme.com/quotation/sp-v1000-spectrophotometer-mw-0045-maxware-dubai-uae,2025-06-24,Pending
https://maxmedme.com/quotation/dph1-pocket-tester-mw-0066-maxware-dubai-uae,2025-06-24,Pending
https://maxmedme.com/quotation/respiratory-infectious-diseases-rapid-test-rsv-mt-0038-maxtest-dubai-uae,2025-06-24,Pending
https://maxmedme.com/quotation/ls-2100-dry-fluorescence-immunoassay-analyzer-8-channels-mm-0003-lansionbiotech-dubai-uae,2025-06-24,Pending
https://maxmedme.com/quotation/sk-r30l-e-long-deck-rocking-rotator-mw-0039-maxware-dubai-uae,2025-06-24,Pending
https://maxmedme.com/quotation/glass-funnel-mw-0123-maxware-dubai-uae,2025-06-24,Pending
https://maxmedme.com/quotation/hav-igm-rapid-test-mt-0100-maxtest-dubai-uae,2025-06-24,Pending
https://maxmedme.com/quotation/vinyl-examination-gloves-powder-free-clear-mw-0090-maxware-dubai-uae,2025-06-24,Pending
https://maxmedme.com/quotation/dm0412-low-speed-centrifuge-mw-0020-maxware-dubai-uae,2025-06-24,Pending
https://maxmedme.com/quotation/ls-4000-dry-fluorescence-immunoassay-analyzerhandheld-mm-0004-lansionbiotech-dubai-uae,2025-06-24,Pending
https://maxmedme.com/quotation/typhoid-iggigm-rapid-test-sp-mt-0090-maxtest-dubai-uae,2025-06-24,Pending
https://www.maxmedme.com/quotation/163,2025-06-24,Pending
https://www.maxmedme.com/product/94,2025-06-24,Pending
https://www.maxmedme.com/quotation/188,2025-06-24,Pending
https://maxmedme.com/product/359,2025-06-24,Pending
https://maxmedme.com/quotation/erlenmeyer-flask-mw-0121-maxware-dubai-uae,2025-06-24,Pending
https://maxmedme.com/product/37,2025-06-24,Pending
https://maxmedme.com/product/379,2025-06-24,Pending
https://maxmedme.com/search,2025-06-24,Pending
https://maxmedme.com/quotation/dm1224-high-speed-centrifuge-mw-0019-maxware-dubai-uae,2025-06-24,Pending
https://maxmedme.com/quotation/d2012-high-speed-centrifuge-mw-0015-maxware-dubai-uae,2025-06-23,Pending
https://maxmedme.com/quotation/forced-air-drying-ovenbov-tf-mm-0028-biobase-dubai-uae,2025-06-23,Pending
https://maxmedme.com/quotation/coagulation-analyzer-reagents-mm-0007-lansionbiotech-dubai-uae,2025-06-23,Pending
https://maxmedme.com/quotation/culture-flask-mw-0111-maxware-dubai-uae,2025-06-23,Pending
https://maxmedme.com/quotation/sk-o180-s-intelligent-decolorizing-shaker-multi-functional-mw-0004-maxware-dubai-uae,2025-06-23,Pending
https://maxmedme.com/quotation/sk-o330-pro-large-multifunctional-orbital-decolorizing-shaker-mw-0001-maxware-dubai-uae,2025-06-23,Pending
https://maxmedme.com/quotation/sk-r30d-e-long-deck-double-layer-rocking-rotator-mw-0040-maxware-dubai-uae,2025-06-23,Pending
https://maxmedme.com/quotation/dpcd10-ph-portable-metermulti-parameter-mw-0065-maxware-dubai-uae,2025-06-23,Pending
https://maxmedme.com/quotation/shigella-rapid-test-mt-0068-maxtest-dubai-uae,2025-06-23,Pending
https://maxmedme.com/quotation/wooden-tongue-depressor-mw-0095-maxware-dubai-uae,2025-06-23,Pending
https://maxmedme.com/quotation/transferrinfob-and-hb-hp-combo-rapid-test-mt-0024-maxtest-dubai-uae,2025-06-23,Pending
https://maxmedme.com/quotation/dorp1-pocket-testerbluetooth-mw-0071-maxware-dubai-uae,2025-06-23,Pending
https://maxmedme.com/product/308,2025-06-23,Pending
https://maxmedme.com/quotation/hsv-12-iggigm-rapid-test-sp-mt-0010-maxtest-dubai-uae,2025-06-23,Pending
https://maxmedme.com/quotation/sk-r330-pro-large-multifunctional-transference-rocking-shaker-mw-0008-maxware-dubai-uae,2025-06-23,Pending
https://maxmedme.com/quotation/forced-air-drying-oven-bjpx-hg-series-mm-0020-biobase-dubai-uae,2025-06-23,Pending
http://www.maxmedme.com/,2025-06-23,Pending
https://maxmedme.com/product/261,2025-06-23,Pending
https://www.maxmedme.com/quotation/109,2025-06-23,Pending
https://www.maxmedme.com/product/190,2025-06-23,Pending
https://maxmedme.com/quotation/methane-sulfonic-acid-cation-exchange-chromatography-columns-mw-0076-maxware-dubai-uae,2025-06-23,Pending
https://maxmedme.com/product/423,2025-06-23,Pending
https://www.maxmedme.com/product/99,2025-06-23,Pending
https://maxmedme.com/product/185,2025-06-23,Pending
http://maxmedme.com/,2025-06-23,Pending
https://www.maxmedme.com/product/313,2025-06-23,Pending
https://maxmedme.com/quotation/dpette-simple-electronic-pipette-mm-0040-dlab-dubai-uae,2025-06-23,Pending
https://maxmedme.com/quotation/re100-pro-digital-rotary-evaporator-mw-0081-maxware-dubai-uae,2025-06-23,Pending
https://maxmedme.com/quotation/cond-portable-meter-single-parameter-mw-0058-maxware-dubai-uae,2025-06-23,Pending
https://maxmedme.com/quotation/malaria-pfpv-rapid-test-mt-0098-maxtest-dubai-uae,2025-06-23,Pending
https://maxmedme.com/quotation/abo-and-rhd-blood-grouping-rapid-test-mt-0035-maxtest-dubai-uae,2025-06-23,Pending
https://maxmedme.com/quotation/table-top-autoclave-class-n-series-mm-0008-biobase-dubai-uae,2025-06-23,Pending
https://maxmedme.com/quotation/pregnancy-hcg-rapid-test-spu-mt-0002-maxtest-dubai-uae,2025-06-23,Pending
https://maxmedme.com/quotation/mx-c-cell-disruptor-mw-0032-maxware-dubai-uae,2025-06-23,Pending
https://maxmedme.com/quotation/do-polarographic-type-portable-meter-single-parameter-mw-0059-maxware-dubai-uae,2025-06-23,Pending
https://maxmedme.com/quotation/bowie-dick-test-pack-mw-0103-maxware-dubai-uae,2025-06-23,Pending
https://maxmedme.com/quotation/saliva-ejector-mw-0098-maxware-dubai-uae,2025-06-23,Pending
https://maxmedme.com/quotation/strep-a-rapid-test-mt-0106-maxtest-dubai-uae,2025-06-23,Pending
https://maxmedme.com/quotation/dcd10-cond-portable-metermulti-parameter-mw-0063-maxware-dubai-uae,2025-06-23,Pending
https://maxmedme.com/quotation/sp-uv3102-uv-vis-spectrophotometer-mw-0052-maxware-dubai-uae,2025-06-23,Pending
https://maxmedme.com/quotation/respiratory-infectious-diseases-rapid-test-mt-0047-maxtest-dubai-uae,2025-06-23,Pending
https://maxmedme.com/quotation/chikungunya-iggigm-rapid-test-sp-mt-0085-maxtest-dubai-uae,2025-06-23,Pending
https://maxmedme.com/quotation/dm0408-low-speed-centrifuge-mw-0022-maxware-dubai-uae,2025-06-23,Pending
https://maxmedme.com/quotation/glass-measuring-cup-mw-0124-maxware-dubai-uae,2025-06-23,Pending
https://maxmedme.com/quotation/shigella-sonnei-antigen-rapid-test-mt-0070-maxtest-dubai-uae,2025-06-23,Pending
https://maxmedme.com/quotation/salmonella-typhi-antigen-rapid-test-mt-0092-maxtest-dubai-uae,2025-06-23,Pending
https://maxmedme.com/quotation/carbonate-anion-exchange-chromatography-columns-mw-0075-maxware-dubai-uae,2025-06-23,Pending
https://maxmedme.com/quotation/sk-o180-s-intelligent-decolorizing-shakerbasic-model-mw-0006-maxware-dubai-uae,2025-06-23,Pending
https://maxmedme.com/quotation/gonorrhea-rapid-test-mt-0014-maxtest-dubai-uae,2025-06-23,Pending
https://maxmedme.com/quotation/sk-d1810-s-intelligent-3d-shaker-mw-0010-maxware-dubai-uae,2025-06-23,Pending
https://maxmedme.com/quotation/drying-tower-mw-0115-maxware-dubai-uae,2025-06-23,Pending
https://maxmedme.com/quotation/measles-iggigm-rapid-test-mt-0050-maxtest-dubai-uae,2025-06-23,Pending
https://maxmedme.com/quotation/hbsag-rapid-test-dipstick-wbsp-mt-0102-maxtest-dubai-uae,2025-06-23,Pending
https://maxmedme.com/quotation/hpv-antigen-rapid-test-mt-0017-maxtest-dubai-uae,2025-06-23,Pending
https://maxmedme.com/quotation/ebna-igg-rapid-test-cassette-whole-bloodserumplasma-mt-0044-maxtest-dubai-uae,2025-06-23,Pending
https://maxmedme.com/quotation/filariasis-iggigm-rapid-test-wbsp-mt-0088-maxtest-dubai-uae,2025-06-23,Pending
https://maxmedme.com/quotation/dec1-pocket-tester-mw-0068-maxware-dubai-uae,2025-06-23,Pending
https://maxmedme.com/quotation/fetal-fibronectin-ffn-rapid-test-mt-0006-maxtest-dubai-uae,2025-06-23,Pending
https://maxmedme.com/quotation/dpd10-do-portable-metermulti-parameter-mw-0062-maxware-dubai-uae,2025-06-23,Pending
https://maxmedme.com/quotation/malaria-pf-rapid-test-cassette-mt-0096-maxtest-dubai-uae,2025-06-23,Pending
https://maxmedme.com/quotation/hiv-12o-rapid-test-mt-0059-maxtest-dubai-uae,2025-06-23,Pending
https://maxmedme.com/quotation/tuberculosis-tb-rapid-test-mt-0116-maxtest-dubai-uae,2025-06-23,Pending
https://maxmedme.com/quotation/filtrating-equipment-mw-0116-maxware-dubai-uae,2025-06-23,Pending
https://maxmedme.com/quotation/sterilization-pouch-self-sealing-flat-pouch-mw-0097-maxware-dubai-uae,2025-06-23,Pending
https://maxmedme.com/quotation/40-freezereconomic-type-mm-0015-biobase-dubai-uae,2025-06-23,Pending
https://maxmedme.com/quotation/dpo10-mv-portable-metermulti-parameter-mw-0064-maxware-dubai-uae,2025-06-23,Pending
https://maxmedme.com/quotation/hiv-12-rapid-test-cassette-wbsp-mt-0061-maxtest-dubai-uae,2025-06-23,Pending
https://maxmedme.com/quotation/hpiv-rapid-test-mt-0114-maxtest-dubai-uae,2025-06-23,Pending
https://maxmedme.com/quotation/sp-uv1100-spectrophotometer-mw-0048-maxware-dubai-uae,2025-06-23,Pending
https://maxmedme.com/quotation/sk-r1807-s-intelligent-transference-decolorizing-shaker-mw-0009-maxware-dubai-uae,2025-06-23,Pending
https://maxmedme.com/quotation/chlamydia-rapid-test-mt-0015-maxtest-dubai-uae,2025-06-23,Pending
https://maxmedme.com/quotation/150-freezer-128l-mm-0017-biobase-dubai-uae,2025-06-23,Pending
https://maxmedme.com/quotation/barrier-film-mw-0104-maxware-dubai-uae,2025-06-23,Pending
https://maxmedme.com/quotation/ph-cond-do-atc-meterbenchtop-classical-seriesmulti-parameter-mw-0026-maxware-dubai-uae,2025-06-23,Pending
https://maxmedme.com/quotation/laboratory-refrigeratoreconomic-typevertical-type-46l-150l-320l-400l-mm-0016-biobase-dubai-uae,2025-06-23,Pending
https://maxmedme.com/quotation/micropette-plus-12-channel-adjustable-volume-mechanical-pipettes-mm-0037-dlab-dubai-uae,2025-06-23,Pending
https://maxmedme.com/quotation/respiratory-infectious-diseases-rapid-test-sars-cov-2-mt-0037-maxtest-dubai-uae,2025-06-23,Pending
https://maxmedme.com/quotation/dpette-multi-functional-electronic-pipette-mm-0039-dlab-dubai-uae,2025-06-23,Pending
https://maxmedme.com/quotation/sp-uv3101-uv-vis-spectrophotometer-mw-0051-maxware-dubai-uae,2025-06-23,Pending
https://maxmedme.com/quotation/malaria-pfpan-rapid-test-mt-0097-maxtest-dubai-uae,2025-06-23,Pending
https://maxmedme.com/quotation/dm0424-low-speed-centrifuge-mw-0021-maxware-dubai-uae,2025-06-23,Pending
https://maxmedme.com/quotation/hplc-column-nova-atom-liquid-chromatography-mw-0077-maxware-dubai-uae,2025-06-23,Pending
https://maxmedme.com/quotation/tetanus-rapid-test-mt-0117-maxtest-dubai-uae,2025-06-23,Pending
https://maxmedme.com/product/341,2025-06-23,Pending
https://maxmedme.com/quotation/hbhb-hp-combo-rapid-test-mt-0023-maxtest-dubai-uae,2025-06-23,Pending
https://maxmedme.com/quotation/hipette-fully-autoclavable-mechanical-pipette-mm-0031-dlab-dubai-uae,2025-06-23,Pending
https://maxmedme.com/quotation/chikungunya-iggigm-rapid-test-wbsp-mt-0086-maxtest-dubai-uae,2025-06-23,Pending
https://maxmedme.com/quotation/rhinovirus-rapid-test-mt-0049-maxtest-dubai-uae,2025-06-23,Pending
https://maxmedme.com/quotation/dm0636-low-speed-centrifuge-mw-0024-maxware-dubai-uae,2025-06-23,Pending
https://maxmedme.com/quotation/toxo-iggigm-rapid-test-s-p-mt-0012-maxtest-dubai-uae,2025-06-23,Pending
https://maxmedme.com/quotation/h-pylori-antigen-rapid-test-cassette-feces-mt-0095-maxtest-dubai-uae,2025-06-23,Pending
https://maxmedme.com/quotation/ph-portable-metermulti-parameter-mw-0061-maxware-dubai-uae,2025-06-23,Pending
https://maxmedme.com/quotation/mx-rl-pro-lcd-digital-tube-rotator-horizontal-mw-0035-maxware-dubai-uae,2025-06-23,Pending
https://maxmedme.com/product/306,2025-06-22,Pending
https://maxmedme.com/product/386,2025-06-22,Pending
https://maxmedme.com/product/395,2025-06-22,Pending
https://www.maxmedme.com/quotation/135,2025-06-21,Pending
https://www.maxmedme.com/quotation/177,2025-06-21,Pending
https://www.maxmedme.com/quotation/99,2025-06-21,Pending
https://maxmedme.com/product/164,2025-06-21,Pending
https://maxmedme.com/product/228,2025-06-21,Pending
https://maxmedme.com/product/233,2025-06-21,Pending
https://maxmedme.com/product/302,2025-06-21,Pending
https://maxmedme.com/product/339,2025-06-21,Pending
https://maxmedme.com/product/38,2025-06-21,Pending
https://maxmedme.com/product/415,2025-06-21,Pending
https://www.maxmedme.com/quotation/106,2025-06-21,Pending
https://maxmedme.com/product/249,2025-06-21,Pending
https://maxmedme.com/product/62,2025-06-20,Pending
https://www.maxmedme.com/product/62,2025-06-20,Pending
https://www.maxmedme.com/quotation/62,2025-06-20,Pending
https://www.maxmedme.com/product/95,2025-06-20,Pending
https://www.maxmedme.com/quotation/95,2025-06-20,Pending
https://www.maxmedme.com/quotation/190,2025-06-20,Pending
https://www.maxmedme.com/product/38,2025-06-20,Pending
https://maxmedme.com/product/422,2025-06-20,Pending
https://maxmedme.com/product/200,2025-06-20,Pending
https://www.maxmedme.com/quotation/91,2025-06-20,Pending
https://www.maxmedme.com/quotation/145,2025-06-20,Pending
https://maxmedme.com/product/95,2025-06-20,Pending
https://maxmedme.com/product/331,2025-06-20,Pending
https://www.maxmedme.com/product/63,2025-06-20,Pending
https://maxmedme.com/product/279,2025-06-20,Pending
https://maxmedme.com/product/40,2025-06-20,Pending
https://maxmedme.com/product/274,2025-06-20,Pending
https://maxmedme.com/product/312,2025-06-20,Pending
https://maxmedme.com/product/305,2025-06-20,Pending
https://maxmedme.com/product/311,2025-06-20,Pending
https://maxmedme.com/product/257,2025-06-20,Pending
https://www.maxmedme.com/product/189,2025-06-20,Pending
https://www.maxmedme.com/quotation/189,2025-06-20,Pending
https://www.maxmedme.com/product/106,2025-06-20,Pending
https://maxmedme.com/product/399,2025-06-20,Pending
https://maxmedme.com/quotation/106,2025-06-20,Pending
https://maxmedme.com/product/189,2025-06-20,Pending
https://maxmedme.com/product/396,2025-06-19,Pending
https://maxmedme.com/product/347,2025-06-19,Pending
https://maxmedme.com/product/389,2025-06-19,Pending
https://maxmedme.com/product/69,2025-06-19,Pending
https://maxmedme.com/product/363,2025-06-19,Pending
https://www.maxmedme.com/product/283,2025-06-19,Pending
https://maxmedme.com/product/106,2025-06-19,Pending
https://maxmedme.com/product/400,2025-06-19,Pending
https://maxmedme.com/product/283,2025-06-19,Pending
https://maxmedme.com/product/420,2025-06-19,Pending
https://maxmedme.com/product/60,2025-06-18,Pending
https://www.maxmedme.com/quotation/114,2025-06-17,Pending
https://maxmedme.com/quotation/32,2025-06-17,Pending
https://www.maxmedme.com/categories/66/71,2025-06-17,Pending
https://www.maxmedme.com/product/136,2025-06-16,Pending
https://maxmedme.com/quotation/34,2025-06-15,Pending
https://www.maxmedme.com/product/49,2025-06-10,Pending
https://www.maxmedme.com/product/112,2025-06-10,Pending
https://www.maxmedme.com/quotation/146,2025-06-10,Pending
https://www.maxmedme.com/categories/88/90,2025-06-10,Pending
https://www.maxmedme.com/quotation/144,2025-06-10,Pending
https://www.maxmedme.com/categories/82,2025-06-09,Pending
https://www.maxmedme.com/product/118,2025-06-09,Pending
https://www.maxmedme.com/quotation/116,2025-06-09,Pending
https://www.maxmedme.com/quotation/122,2025-06-09,Pending
https://www.maxmedme.com/quotation/124,2025-06-09,Pending
https://www.maxmedme.com/quotation/151,2025-06-09,Pending
https://www.maxmedme.com/quotation/125,2025-06-09,Pending
https://www.maxmedme.com/quotation/121,2025-06-09,Pending
https://www.maxmedme.com/quotation/96,2025-06-09,Pending
https://www.maxmedme.com/quotation/120,2025-06-09,Pending
https://www.maxmedme.com/categories/66/68/64,2025-06-09,Pending
https://www.maxmedme.com/quotation/154,2025-06-09,Pending
https://www.maxmedme.com/quotation/159,2025-06-09,Pending
https://www.maxmedme.com/quotation/110,2025-06-09,Pending
https://www.maxmedme.com/product/104,2025-06-09,Pending
https://www.maxmedme.com/product/152,2025-06-09,Pending
https://www.maxmedme.com/quotation/152,2025-06-09,Pending
https://www.maxmedme.com/quotation/127,2025-06-09,Pending
https://www.maxmedme.com/categories/68/64,2025-06-09,Pending
https://www.maxmedme.com/quotation/165,2025-06-09,Pending
https://www.maxmedme.com/product/164,2025-06-09,Pending
https://www.maxmedme.com/quotation/166,2025-06-09,Pending
https://www.maxmedme.com/quotation/147,2025-06-09,Pending
https://www.maxmedme.com/quotation/168,2025-06-09,Pending
https://www.maxmedme.com/quotation/132,2025-06-09,Pending
https://www.maxmedme.com/product/134,2025-06-09,Pending
https://www.maxmedme.com/product/131,2025-06-08,Pending
https://www.maxmedme.com/product/109,2025-06-08,Pending
https://www.maxmedme.com/categories/66/68/88,2025-06-08,Pending
https://www.maxmedme.com/product/188,2025-06-08,Pending
https://www.maxmedme.com/quotation/183,2025-06-08,Pending
https://www.maxmedme.com/quotation/112,2025-06-07,Pending
https://www.maxmedme.com/product/107,2025-06-07,Pending
https://www.maxmedme.com/categories/84,2025-06-06,Pending
https://www.maxmedme.com/product/105,2025-06-05,Pending
https://www.maxmedme.com/quotation/136,2025-06-04,Pending
https://www.maxmedme.com/quotation/142,2025-06-04,Pending
https://www.maxmedme.com/quotation/161,2025-06-04,Pending
https://www.maxmedme.com/product/140,2025-06-03,Pending
https://www.maxmedme.com/product/47,2025-06-01,Pending
https://www.maxmedme.com/quotation/108,2025-05-30,Pending
https://www.maxmedme.com/quotation/185,2025-05-30,Pending
https://www.maxmedme.com/quotation/100,2025-05-30,Pending
https://www.maxmedme.com/quotation/104,2025-05-29,Pending
https://www.maxmedme.com/quotation/89,2025-05-27,Pending
https://www.maxmedme.com/product/59,2025-05-26,Pending
https://www.maxmedme.com/quotation/128,2025-05-25,Pending
https://www.maxmedme.com/quotation/149,2025-05-25,Pending
https://www.maxmedme.com/quotation/167,2025-05-25,Pending
https://www.maxmedme.com/product/185,2025-05-25,Pending
https://www.maxmedme.com/quotation/107,2025-05-25,Pending
https://www.maxmedme.com/quotation/174,2025-05-24,Pending
https://www.maxmedme.com/categories/66/71/96,2025-05-24,Pending
https://www.maxmedme.com/product/50,2025-05-22,Pending
https://www.maxmedme.com/quotation/77,2025-05-22,Pending
https://www.maxmedme.com/product/376,2025-05-20,Pending
https://www.maxmedme.com/categories/51/39/82,2025-05-20,Pending
https://www.maxmedme.com/categories/88/89,2025-05-20,Pending
https://www.maxmedme.com/product/79,2025-05-20,Pending
https://www.maxmedme.com/quotation/126,2025-05-20,Pending
https://www.maxmedme.com/quotation/176,2025-05-20,Pending
https://www.maxmedme.com/quotation/72,2025-05-19,Pending
https://www.maxmedme.com/categories/57/94,2025-05-17,Pending
https://www.maxmedme.com/product/48,2025-05-14,Pending
https://www.maxmedme.com/quotation/48,2025-05-14,Pending
https://www.maxmedme.com/quotation/133,2025-05-13,Pending
https://www.maxmedme.com/quotation/129,2025-05-13,Pending
https://www.maxmedme.com/quotation/137,2025-05-13,Pending
https://www.maxmedme.com/quotation/139,2025-05-13,Pending
https://www.maxmedme.com/quotation/150,2025-05-13,Pending
https://www.maxmedme.com/quotation/170,2025-05-13,Pending
https://www.maxmedme.com/product/325,2025-05-13,Pending
https://www.maxmedme.com/quotation/86,2025-05-13,Pending
https://www.maxmedme.com/product/39,2025-05-13,Pending
https://www.maxmedme.com/quotation/88,2025-05-12,Pending
https://www.maxmedme.com/product/97,2025-05-12,Pending
https://www.maxmedme.com/product/125,2025-05-11,Pending
https://www.maxmedme.com/categories/92/93,2025-05-11,Pending
https://www.maxmedme.com/categories/66/50,2025-05-11,Pending
https://www.maxmedme.com/categories/66/68/61?page=2,2025-05-10,Pending
https://www.maxmedme.com/categories/88,2025-05-10,Pending
https://www.maxmedme.com/categories/66/68/61?page=1,2025-05-10,Pending
https://maxmedme.com/quotation/31,2025-05-10,Pending
https://www.maxmedme.com/categories/51/91,2025-05-09,Pending
https://www.maxmedme.com/product/83,2025-05-09,Pending
https://www.maxmedme.com/product/165,2025-05-09,Pending
https://www.maxmedme.com/categories/60,2025-05-09,Pending
https://www.maxmedme.com/quotation/102,2025-05-08,Pending
https://www.maxmedme.com/categories/66/50/58,2025-05-08,Pending
https://www.maxmedme.com/categories/57,2025-05-07,Pending
https://www.maxmedme.com/categories/66/71/98,2025-05-07,Pending
https://www.maxmedme.com/categories/59,2025-05-07,Pending
https://www.maxmedme.com/categories/80,2025-05-07,Pending
https://www.maxmedme.com/categories/51,2025-05-06,Pending
https://maxmedme.com/quotation/101,2025-05-06,Pending
https://www.maxmedme.com/product/84,2025-05-06,Pending
https://maxmedme.com/quotation/30,2025-05-05,Pending
https://www.maxmedme.com/quotation/82,2025-05-05,Pending
https://www.maxmedme.com/categories/61?page=1,2025-05-05,Pending
https://www.maxmedme.com/products,2025-05-05,Pending
https://www.maxmedme.com/quotation/134,2025-05-04,Pending
https://www.maxmedme.com/quotation/171,2025-05-04,Pending
https://www.maxmedme.com/quotation/67,2025-05-04,Pending
https://www.maxmedme.com/quotation/117,2025-05-04,Pending
https://www.maxmedme.com/categories/66,2025-05-04,Pending
https://www.maxmedme.com/product/56,2025-05-04,Pending
https://www.maxmedme.com/quotation/105,2025-05-04,Pending
https://www.maxmedme.com/product/239,2025-05-04,Pending
https://www.maxmedme.com/product/246,2025-05-04,Pending
https://www.maxmedme.com/categories/89,2025-05-03,Pending
https://www.maxmedme.com/quotation/101,2025-05-03,Pending
https://www.maxmedme.com/product/315,2025-05-02,Pending
https://www.maxmedme.com/product/77,2025-05-02,Pending
https://www.maxmedme.com/product/166,2025-05-02,Pending
https://www.maxmedme.com/categories/85,2025-05-02,Pending
https://www.maxmedme.com/quotation/181,2025-05-02,Pending
https://www.maxmedme.com/quotation/182,2025-05-02,Pending
https://www.maxmedme.com/quotation/187,2025-05-01,Pending
https://maxmedme.com/quotation/139,2025-05-01,Pending
https://www.maxmedme.com/quotation/169,2025-05-01,Pending
https://www.maxmedme.com/quotation/61,2025-04-30,Pending
https://www.maxmedme.com/quotation/172,2025-04-30,Pending
https://www.maxmedme.com/quotation/178,2025-04-30,Pending
https://www.maxmedme.com/quotation/175,2025-04-30,Pending
https://www.maxmedme.com/categories/95,2025-04-29,Pending
https://www.maxmedme.com/quotation/78,2025-04-29,Pending
https://www.maxmedme.com/categories/62,2025-04-28,Pending
https://www.maxmedme.com/product/237,2025-04-28,Pending
https://www.maxmedme.com/categories/66/50/59,2025-04-28,Pending
https://www.maxmedme.com/product/87,2025-04-28,Pending
https://www.maxmedme.com/categories/51/39/85,2025-04-28,Pending
https://www.maxmedme.com/quotation/83,2025-04-28,Pending
https://www.maxmedme.com/quotation/65,2025-04-27,Pending
https://www.maxmedme.com/quotation/79,2025-04-27,Pending
https://www.maxmedme.com/quotation/76,2025-04-27,Pending
https://www.maxmedme.com/quotation/75,2025-04-27,Pending
https://www.maxmedme.com/quotation/87,2025-04-27,Pending
https://maxmedme.com/quotation/166,2025-04-25,Pending
https://maxmedme.com/quotation/60,2025-04-25,Pending
https://www.maxmedme.com/categories/66/68/88/subcategories,2025-04-23,Pending
https://www.maxmedme.com/quotation/71,2025-04-23,Pending
https://www.maxmedme.com/categories/68/61,2025-04-22,Pending
https://www.maxmedme.com/product/120,2025-04-22,Pending
https://www.maxmedme.com/quotation/63,2025-04-22,Pending
https://www.maxmedme.com/quotation/73,2025-04-22,Pending
https://www.maxmedme.com/quotation/141,2025-04-22,Pending
https://www.maxmedme.com/quotation/41,2025-04-21,Pending
https://www.maxmedme.com/product/154,2025-04-21,Pending
https://www.maxmedme.com/quotation/143,2025-04-21,Pending
https://www.maxmedme.com/product/128,2025-04-21,Pending
https://www.maxmedme.com/quotation/50,2025-04-21,Pending
https://www.maxmedme.com/quotation/49,2025-04-21,Pending
https://www.maxmedme.com/quotation/45,2025-04-21,Pending
https://www.maxmedme.com/quotation/55,2025-04-21,Pending
https://www.maxmedme.com/quotation/98,2025-04-21,Pending
https://www.maxmedme.com/product/278,2025-04-21,Pending
https://www.maxmedme.com/quotation/57,2025-04-21,Pending
https://www.maxmedme.com/quotation/59,2025-04-21,Pending
https://www.maxmedme.com/quotation/51,2025-04-21,Pending
https://www.maxmedme.com/quotation/186,2025-04-21,Pending
https://www.maxmedme.com/categories/39/82,2025-04-21,Pending
https://www.maxmedme.com/quotation/54,2025-04-21,Pending
https://www.maxmedme.com/quotation/97,2025-04-21,Pending
https://www.maxmedme.com/product/133,2025-04-21,Pending
https://maxmedme.com/quotation/168,2025-04-21,Pending
https://maxmedme.com/quotation/157,2025-04-21,Pending
https://www.maxmedme.com/quotation/119,2025-04-21,Pending
https://www.maxmedme.com/quotation/68,2025-04-21,Pending
https://maxmedme.com/quotation/163,2025-04-21,Pending
https://maxmedme.com/quotation/141,2025-04-21,Pending
https://maxmedme.com/quotation/155,2025-04-21,Pending
https://www.maxmedme.com/quotation/39,2025-04-21,Pending
https://maxmedme.com/quotation/154,2025-04-21,Pending
https://www.maxmedme.com/product/101,2025-04-21,Pending
https://maxmedme.com/quotation/161,2025-04-21,Pending
https://www.maxmedme.com/quotation/115,2025-04-20,Pending
https://maxmedme.com/quotation/165,2025-04-20,Pending
https://www.maxmedme.com/quotation/32,2025-03-27,Pending
https://www.maxmedme.com/quotation/34,2025-03-27,Pending
https://www.maxmedme.com/quotation/31,2025-03-27,Pending
https://www.maxmedme.com/quotation/35,2025-03-26,Pending